<?xml version="1.0" encoding="UTF-8"?>
<project-private xmlns="http://www.netbeans.org/ns/project-private/1">
    <editor-bookmarks xmlns="http://www.netbeans.org/ns/editor-bookmarks/2" lastBookmarkId="0"/>
    <open-files xmlns="http://www.netbeans.org/ns/projectui-open-files/2">
        <group>
            <file>file:/C:/Users/Dylan/Downloads/Programming-Part-1-Login-main/Programming-Part-1-Login-main/Main/src/com/rethabile/auth/LoginService.java</file>
            <file>file:/C:/Users/Dylan/Downloads/Programming-Part-1-Login-main/Programming-Part-1-Login-main/Main/src/com/rethabile/auth/LoginFrame.java</file>
            <file>file:/C:/Users/Dylan/Downloads/Programming-Part-1-Login-main/Programming-Part-1-Login-main/Main/src/com/rethabile/auth/RegisterFrame.java</file>
            <file>file:/C:/Users/Dylan/Downloads/Programming-Part-1-Login-main/Programming-Part-1-Login-main/Main/src/com/rethabile/auth/User.java</file>
            <file>file:/C:/Users/Dylan/Downloads/Programming-Part-1-Login-main/Programming-Part-1-Login-main/Main/src/com/rethabile/auth/UserService.java</file>
            <file>file:/C:/Users/Dylan/Downloads/Programming-Part-1-Login-main/Programming-Part-1-Login-main/Main/test/com/rethabile/auth/LoginServiceTest.java</file>
        </group>
    </open-files>
</project-private>
